EmployeeID,Age,Gender,Department,JobRole,MonthlyIncome,PerformanceRating,YearsAtCompany,JoinDate,ExitDate,Attrition
E0001,37,Male,HR,Manager,86811,2,5,2023-11-01,,No
E0002,36,Female,IT,Executive,84898,5,9,2024-10-04,,No
E0003,39,Male,Operations,Manager,114271,4,3,2022-04-15,,No
E0004,47,Female,Operations,Senior Executive,97006,2,14,2024-11-09,2025-03-01,Yes
E0005,58,Female,IT,Analyst,43366,5,9,2018-03-01,2021-06-07,Yes
E0006,44,Female,Sales,Analyst,83850,3,6,2019-09-24,,No
E0007,22,Female,HR,Analyst,90164,5,7,2020-06-19,,No
E0008,28,Female,Finance,Analyst,74905,2,6,2020-06-10,,No
E0009,36,Male,Sales,Manager,54586,5,14,2019-12-29,,No
E0010,24,Female,HR,Manager,54829,2,7,2019-11-18,,No
E0011,48,Male,IT,Senior Executive,51310,2,7,2018-09-01,,No
E0012,59,Male,HR,Executive,91532,3,10,2020-12-22,,No
E0013,22,Male,Operations,Analyst,106496,5,2,2020-05-07,,No
E0014,50,Male,Operations,Senior Executive,99924,2,6,2020-11-27,,No
E0015,25,Male,HR,Senior Executive,72627,5,0,2024-07-12,,No
E0016,29,Male,IT,Executive,106247,5,7,2021-11-01,2024-04-16,Yes
E0017,45,Male,HR,Manager,27998,5,2,2023-04-09,,No
E0018,22,Female,Operations,Executive,41066,2,9,2020-10-28,,No
E0019,53,Female,IT,Senior Executive,50350,4,10,2018-04-17,2025-10-12,Yes
E0020,53,Female,Finance,Analyst,56003,3,10,2023-12-02,,No
E0021,27,Female,Operations,Executive,102296,5,0,2019-03-03,,No
E0022,49,Female,Sales,Analyst,68739,2,15,2019-04-03,,No
E0023,52,Male,HR,Executive,71565,4,4,2022-12-25,,No
E0024,51,Male,HR,Manager,46843,5,10,2019-08-28,,No
E0025,41,Female,HR,Manager,86050,5,13,2021-04-12,2022-06-25,Yes
E0026,38,Male,Sales,Analyst,88641,2,8,2021-10-12,2022-12-12,Yes
E0027,25,Female,Operations,Manager,29087,2,10,2019-01-24,,No
E0028,36,Female,Operations,Senior Executive,38911,4,3,2018-07-08,,No
E0029,25,Female,Operations,Executive,114798,3,6,2019-01-30,,No
E0030,28,Male,IT,Senior Executive,105504,2,14,2021-05-17,2024-06-25,Yes
E0031,49,Female,Sales,Senior Executive,103002,4,12,2018-11-14,,No
E0032,24,Male,Sales,Executive,87726,4,9,2020-07-07,2021-08-02,Yes
E0033,23,Male,IT,Executive,104698,2,0,2021-04-06,,No
E0034,56,Female,HR,Analyst,75828,4,3,2021-04-25,,No
E0035,47,Male,Finance,Executive,111708,5,8,2022-04-10,,No
E0036,27,Male,Operations,Senior Executive,43967,2,0,2019-01-28,,No
E0037,45,Female,HR,Analyst,93306,5,0,2021-01-30,,No
E0038,60,Male,IT,Analyst,46171,2,10,2022-12-12,,No
E0039,22,Male,Operations,Analyst,68752,4,4,2019-05-31,2023-10-28,Yes
E0040,42,Female,Operations,Executive,45815,2,2,2022-03-26,,No
E0041,23,Female,IT,Executive,32252,4,10,2019-10-03,,No
E0042,39,Female,Operations,Senior Executive,28738,3,10,2020-12-08,,No
E0043,48,Female,HR,Analyst,75000,4,10,2023-10-03,,No
E0044,29,Female,Operations,Executive,84228,4,3,2022-01-09,,No
E0045,22,Female,Sales,Senior Executive,114488,3,15,2025-01-18,,No
E0046,31,Female,Finance,Executive,32464,2,12,2023-07-12,,No
E0047,32,Female,Finance,Executive,73583,5,4,2019-01-02,2023-03-29,Yes
E0048,29,Female,HR,Manager,86254,3,4,2024-12-19,,No
E0049,34,Female,HR,Executive,105796,2,8,2020-11-09,,No
E0050,34,Female,Sales,Analyst,56797,4,12,2022-01-18,2024-08-07,Yes
E0051,24,Female,Finance,Manager,37843,2,9,2018-06-28,2020-10-24,Yes
E0052,28,Male,HR,Manager,69702,5,7,2020-05-20,,No
E0053,29,Female,IT,Executive,115494,2,5,2019-10-23,,No
E0054,39,Female,Finance,Manager,85408,5,14,2022-09-13,,No
E0055,59,Female,Finance,Manager,88150,2,0,2023-03-06,,No
E0056,54,Female,Sales,Manager,36997,5,3,2020-11-21,,No
E0057,25,Male,IT,Manager,107440,3,15,2020-03-18,,No
E0058,24,Female,HR,Analyst,94092,4,12,2021-09-13,,No
E0059,41,Female,IT,Manager,32595,2,5,2020-05-02,,No
E0060,28,Male,Sales,Senior Executive,71115,3,4,2019-03-09,,No
E0061,45,Male,Operations,Manager,68380,3,13,2020-02-14,,No
E0062,57,Male,Operations,Manager,98322,5,8,2022-12-17,,No
E0063,46,Female,IT,Executive,104821,4,13,2018-07-21,,No
E0064,58,Male,Operations,Senior Executive,93976,5,5,2018-03-12,,No
E0065,40,Male,Operations,Analyst,32731,5,0,2018-11-29,2019-06-22,Yes
E0066,49,Male,IT,Analyst,116048,5,7,2021-12-23,2023-12-28,Yes
E0067,22,Female,Sales,Manager,37711,3,12,2018-06-19,,No
E0068,34,Male,IT,Analyst,91593,2,3,2019-10-14,,No
E0069,58,Male,Finance,Executive,111999,5,9,2018-03-13,,No
E0070,30,Female,Operations,Analyst,82803,2,0,2023-07-07,,No
E0071,58,Male,Operations,Analyst,62802,4,3,2018-04-18,,No
E0072,30,Female,IT,Senior Executive,34196,5,4,2019-08-28,2024-10-17,Yes
E0073,23,Female,Sales,Manager,91902,5,11,2018-06-12,2021-05-10,Yes
E0074,57,Male,Sales,Senior Executive,62916,3,14,2023-07-25,,No
E0075,25,Female,HR,Manager,73207,4,7,2023-12-09,2024-06-20,Yes
E0076,27,Female,Sales,Executive,51971,2,9,2023-05-05,,No
E0077,23,Male,Operations,Manager,91747,4,13,2023-12-13,,No
E0078,25,Female,Operations,Analyst,95737,4,1,2021-01-25,2025-04-04,Yes
E0079,36,Female,IT,Analyst,77500,5,2,2018-11-16,2021-07-29,Yes
E0080,50,Male,IT,Executive,74104,4,1,2020-10-22,,No
E0081,35,Female,Operations,Manager,72747,2,0,2025-01-28,,No
E0082,32,Male,IT,Executive,56153,4,15,2020-10-14,,No
E0083,44,Male,IT,Executive,95713,2,2,2022-12-16,,No
E0084,46,Female,Finance,Manager,34338,2,9,2023-10-28,,No
E0085,30,Male,HR,Manager,58985,4,11,2018-04-11,2019-05-18,Yes
E0086,44,Female,Finance,Senior Executive,61307,3,0,2024-05-29,2024-08-29,Yes
E0087,28,Female,Finance,Analyst,22494,5,5,2019-09-19,,No
E0088,32,Male,Sales,Senior Executive,114598,2,15,2024-12-11,2025-12-08,Yes
E0089,33,Female,Sales,Analyst,28620,4,12,2022-01-29,2022-06-08,Yes
E0090,57,Female,Sales,Executive,63196,3,8,2023-07-12,,No
E0091,46,Male,IT,Manager,65763,2,14,2020-12-24,,No
E0092,50,Male,IT,Manager,107386,2,2,2020-10-11,,No
E0093,53,Male,HR,Executive,83375,4,4,2024-10-17,,No
E0094,34,Male,HR,Senior Executive,115127,2,5,2019-01-08,,No
E0095,27,Male,Sales,Manager,25998,4,4,2024-05-01,,No
E0096,30,Male,Finance,Analyst,89254,5,1,2019-04-29,,No
E0097,36,Male,HR,Executive,63253,2,14,2021-02-22,,No
E0098,39,Male,HR,Executive,82520,4,13,2018-10-05,,No
E0099,34,Female,HR,Executive,70821,3,15,2022-11-30,2025-09-08,Yes
E0100,46,Female,HR,Manager,36738,5,0,2019-08-18,2024-06-23,Yes
E0101,24,Male,Finance,Manager,115537,5,12,2022-07-24,2024-01-21,Yes
E0102,26,Male,Operations,Executive,105200,5,6,2020-05-06,,No
E0103,56,Male,Operations,Analyst,20458,4,2,2023-04-07,,No
E0104,42,Male,HR,Analyst,59623,3,1,2019-02-05,2022-06-16,Yes
E0105,60,Male,Operations,Manager,58165,4,9,2022-08-01,,No
E0106,55,Male,Sales,Manager,59218,4,12,2019-08-16,,No
E0107,32,Female,Sales,Executive,92286,4,3,2022-09-05,,No
E0108,59,Female,Operations,Executive,43625,2,9,2018-05-27,,No
E0109,22,Female,HR,Analyst,44606,5,1,2023-06-11,2023-12-17,Yes
E0110,40,Male,Operations,Analyst,52796,4,15,2021-03-08,2024-07-21,Yes
E0111,47,Male,HR,Analyst,86153,2,12,2024-10-30,,No
E0112,46,Male,Sales,Analyst,58945,3,0,2019-03-25,2023-07-14,Yes
E0113,54,Female,IT,Analyst,79382,5,1,2021-02-15,,No
E0114,31,Female,Sales,Executive,38566,2,11,2022-10-02,,No
E0115,54,Male,Operations,Analyst,53386,5,3,2024-06-28,,No
E0116,34,Female,Sales,Executive,59509,4,5,2020-03-21,,No
E0117,49,Female,Operations,Executive,105436,5,6,2021-02-05,,No
E0118,37,Male,Sales,Senior Executive,74595,3,8,2021-10-13,,No
E0119,50,Female,Finance,Analyst,106003,3,9,2018-04-09,,No
E0120,37,Female,Operations,Senior Executive,65740,2,0,2023-07-29,2023-11-08,Yes
E0121,39,Male,Operations,Executive,48134,2,9,2020-01-24,,No
E0122,39,Female,Sales,Senior Executive,52370,4,4,2021-09-13,,No
E0123,22,Male,Sales,Manager,24016,2,15,2024-03-22,2025-06-28,Yes
E0124,57,Male,Sales,Manager,36374,3,8,2022-04-15,,No
E0125,32,Female,Operations,Senior Executive,37794,5,15,2024-12-13,2025-07-01,Yes
E0126,51,Female,Sales,Analyst,67597,3,15,2021-08-10,,No
E0127,45,Female,Operations,Analyst,99084,4,14,2018-02-09,,No
E0128,38,Female,HR,Analyst,59455,5,5,2020-04-28,,No
E0129,36,Male,Sales,Executive,72758,5,13,2021-12-06,,No
E0130,56,Male,Operations,Manager,59597,2,11,2020-10-29,,No
E0131,27,Male,Finance,Executive,58324,4,12,2021-02-24,,No
E0132,34,Male,IT,Manager,87553,5,13,2020-07-23,2023-12-01,Yes
E0133,33,Male,Operations,Senior Executive,116091,2,15,2018-06-16,2020-07-23,Yes
E0134,37,Male,IT,Senior Executive,45341,3,13,2018-04-06,,No
E0135,53,Female,IT,Analyst,88014,3,3,2021-12-26,2023-01-07,Yes
E0136,34,Male,Sales,Manager,57194,4,8,2019-08-29,,No
E0137,43,Male,HR,Manager,100830,3,2,2021-03-06,,No
E0138,39,Male,Operations,Analyst,60525,4,6,2020-04-27,,No
E0139,56,Male,Finance,Analyst,27958,3,14,2018-02-21,,No
E0140,25,Male,Finance,Senior Executive,56820,3,9,2020-01-10,,No
E0141,28,Female,Sales,Senior Executive,66898,5,15,2020-04-17,,No
E0142,53,Male,Finance,Analyst,104725,3,11,2019-08-22,,No
E0143,42,Female,IT,Analyst,44925,5,2,2022-05-24,,No
E0144,34,Female,HR,Senior Executive,111156,4,10,2019-02-17,,No
E0145,23,Female,HR,Executive,79285,4,2,2021-11-23,,No
E0146,47,Female,Operations,Analyst,116585,2,11,2024-05-13,,No
E0147,23,Female,Finance,Manager,60700,4,3,2020-06-04,,No
E0148,58,Female,Sales,Manager,73944,4,6,2020-05-15,,No
E0149,58,Male,Finance,Senior Executive,91482,4,10,2019-01-31,,No
E0150,50,Male,IT,Manager,109599,3,5,2020-07-25,,No
E0151,43,Male,Finance,Analyst,85201,5,15,2020-09-18,,No
E0152,51,Female,IT,Analyst,96750,4,2,2021-07-26,,No
E0153,57,Male,HR,Executive,63804,4,15,2018-05-27,,No
E0154,47,Male,HR,Executive,45693,5,8,2019-05-29,,No
E0155,37,Male,IT,Senior Executive,89710,3,3,2020-01-15,,No
E0156,36,Female,Sales,Executive,22061,3,13,2020-03-20,,No
E0157,28,Male,Sales,Manager,42749,2,4,2019-07-21,2021-11-21,Yes
E0158,43,Male,Operations,Senior Executive,30168,2,11,2021-05-26,,No
E0159,30,Male,HR,Manager,106679,5,9,2021-04-14,2022-05-31,Yes
E0160,55,Male,Sales,Analyst,119372,2,15,2020-06-24,,No
E0161,54,Female,Operations,Senior Executive,83744,5,2,2021-10-03,,No
E0162,46,Male,Sales,Analyst,59859,4,6,2021-07-29,2025-10-15,Yes
E0163,40,Female,HR,Manager,108104,5,8,2020-10-16,,No
E0164,37,Male,HR,Senior Executive,98756,5,8,2018-12-31,2020-09-27,Yes
E0165,45,Male,Finance,Manager,40155,3,0,2024-08-07,,No
E0166,29,Male,HR,Executive,118038,5,9,2024-03-30,,No
E0167,44,Male,IT,Senior Executive,88346,5,13,2018-11-05,,No
E0168,47,Female,Finance,Analyst,112447,4,15,2018-12-29,,No
E0169,44,Male,HR,Analyst,43757,2,15,2022-03-08,2022-04-24,Yes
E0170,42,Female,HR,Manager,24352,4,14,2019-09-30,,No
E0171,22,Female,Sales,Executive,105491,4,12,2025-01-22,,No
E0172,32,Male,Sales,Manager,66073,5,2,2020-07-18,,No
E0173,41,Male,Sales,Executive,42174,2,13,2021-12-12,2025-03-27,Yes
E0174,30,Female,Finance,Analyst,106862,4,15,2020-05-19,2022-02-28,Yes
E0175,24,Female,Finance,Analyst,105751,2,0,2023-12-15,,No
E0176,44,Female,IT,Analyst,31356,2,11,2019-05-30,,No
E0177,27,Male,Sales,Senior Executive,81898,4,3,2020-01-26,2022-01-20,Yes
E0178,49,Male,Sales,Analyst,106701,2,9,2018-08-04,,No
E0179,30,Female,HR,Senior Executive,36597,2,6,2022-04-09,,No
E0180,35,Male,IT,Senior Executive,95028,4,13,2024-05-08,,No
E0181,60,Male,HR,Analyst,101635,5,5,2021-01-05,,No
E0182,51,Male,Finance,Senior Executive,66925,4,13,2019-08-19,2022-10-29,Yes
E0183,31,Male,HR,Executive,52081,2,9,2024-01-06,,No
E0184,38,Female,IT,Executive,52999,3,1,2020-09-16,,No
E0185,49,Female,IT,Senior Executive,99720,5,14,2018-06-18,2024-01-12,Yes
E0186,29,Female,HR,Manager,117522,5,2,2022-05-30,,No
E0187,52,Male,HR,Executive,44257,5,9,2025-01-21,,No
E0188,26,Male,HR,Executive,33580,2,10,2021-06-22,,No
E0189,50,Male,Finance,Analyst,70605,5,15,2022-05-17,2023-07-18,Yes
E0190,48,Female,HR,Analyst,39918,4,15,2024-10-25,,No
E0191,29,Male,Sales,Analyst,103172,3,12,2020-08-19,,No
E0192,28,Female,Sales,Senior Executive,34971,4,2,2020-03-17,,No
E0193,29,Female,IT,Executive,72414,4,12,2020-10-09,,No
E0194,49,Male,Operations,Analyst,24284,4,0,2018-12-03,,No
E0195,49,Male,Operations,Senior Executive,114578,3,4,2021-01-23,,No
E0196,53,Male,Finance,Senior Executive,112757,4,4,2018-07-02,,No
E0197,45,Female,IT,Manager,45062,3,5,2021-01-20,,No
E0198,60,Male,Sales,Manager,77453,2,5,2024-02-01,,No
E0199,57,Male,Finance,Analyst,51683,5,3,2020-03-07,,No
E0200,24,Female,Operations,Manager,87767,2,9,2022-03-22,,No
E0201,31,Female,Operations,Senior Executive,70085,4,15,2021-04-10,,No
E0202,47,Female,Finance,Manager,76742,5,5,2022-06-28,,No
E0203,28,Male,Finance,Senior Executive,110368,4,11,2019-03-06,,No
E0204,26,Male,IT,Analyst,39142,2,10,2019-10-29,,No
E0205,34,Female,Operations,Manager,31399,4,12,2023-10-17,,No
E0206,45,Male,Finance,Senior Executive,32134,2,9,2024-10-11,,No
E0207,42,Male,Finance,Analyst,56583,3,15,2018-03-10,2023-02-25,Yes
E0208,48,Male,Finance,Manager,55995,5,2,2018-05-19,2020-05-21,Yes
E0209,34,Female,Operations,Executive,79852,4,2,2022-06-17,,No
E0210,31,Male,Operations,Executive,27770,5,1,2018-11-06,,No
E0211,29,Female,Sales,Executive,111567,3,3,2022-04-14,2023-05-16,Yes
E0212,36,Female,IT,Executive,50532,5,9,2024-11-17,2025-10-26,Yes
E0213,26,Male,HR,Analyst,97375,2,9,2019-12-21,,No
E0214,45,Female,HR,Analyst,112992,3,10,2018-08-20,,No
E0215,28,Female,IT,Executive,30850,3,4,2019-08-26,,No
E0216,44,Male,HR,Analyst,53514,2,2,2019-12-12,,No
E0217,51,Female,Finance,Senior Executive,62466,5,8,2020-05-02,,No
E0218,40,Male,IT,Manager,70912,4,12,2023-03-10,2024-11-02,Yes
E0219,37,Female,Finance,Executive,58846,5,13,2020-03-29,2023-08-29,Yes
E0220,38,Female,Operations,Executive,103033,2,10,2018-02-08,2022-12-07,Yes
E0221,29,Male,IT,Analyst,30962,4,5,2022-12-22,,No
E0222,44,Male,Operations,Senior Executive,36340,4,15,2023-03-17,,No
E0223,31,Female,Sales,Executive,86013,4,8,2020-07-19,,No
E0224,28,Male,Finance,Executive,47910,4,13,2022-09-11,,No
E0225,41,Male,HR,Executive,61341,3,0,2019-07-28,2023-01-23,Yes
E0226,27,Female,Operations,Senior Executive,55016,5,15,2020-05-26,,No
E0227,48,Male,Sales,Manager,100555,2,11,2023-05-31,,No
E0228,58,Female,HR,Analyst,75654,3,9,2022-03-14,,No
E0229,22,Female,IT,Manager,67519,5,4,2019-11-05,,No
E0230,46,Female,Operations,Analyst,69253,5,2,2018-03-04,,No
E0231,34,Male,Finance,Analyst,85478,5,1,2021-09-27,,No
E0232,48,Female,Finance,Manager,78554,5,11,2021-11-21,,No
E0233,25,Female,Sales,Senior Executive,87486,2,6,2022-09-16,,No
E0234,34,Female,HR,Analyst,53075,2,7,2018-12-22,,No
E0235,58,Male,Operations,Manager,99407,4,12,2021-12-29,,No
E0236,32,Male,HR,Executive,108599,5,13,2021-04-11,,No
E0237,32,Male,Finance,Senior Executive,71445,2,6,2020-10-28,,No
E0238,49,Male,IT,Executive,48079,3,15,2020-06-13,,No
E0239,52,Female,IT,Analyst,30411,3,1,2024-07-18,2026-01-17,Yes
E0240,23,Female,Finance,Analyst,31444,3,0,2020-09-14,,No
E0241,35,Male,Finance,Analyst,64518,5,9,2019-08-16,2024-08-15,Yes
E0242,27,Female,HR,Executive,71340,5,6,2024-05-11,,No
E0243,58,Male,HR,Analyst,77418,3,10,2018-07-19,,No
E0244,52,Male,IT,Senior Executive,29754,5,6,2022-11-02,,No
E0245,50,Male,Operations,Manager,76231,3,13,2020-02-14,,No
E0246,48,Male,HR,Senior Executive,27723,4,1,2021-04-23,,No
E0247,54,Female,Operations,Senior Executive,96151,4,15,2019-07-08,,No
E0248,52,Male,HR,Executive,100045,5,10,2024-09-21,,No
E0249,48,Male,Sales,Analyst,72397,5,4,2020-10-16,,No
E0250,23,Female,IT,Analyst,93698,5,3,2020-11-29,,No
E0251,57,Female,HR,Analyst,107355,2,1,2023-09-15,,No
E0252,57,Female,HR,Analyst,98484,3,14,2022-02-27,2023-01-08,Yes
E0253,30,Female,Operations,Executive,114814,2,8,2018-07-17,,No
E0254,55,Female,HR,Senior Executive,108610,4,8,2023-10-13,,No
E0255,31,Female,IT,Executive,67653,5,14,2019-09-30,,No
E0256,60,Male,HR,Analyst,85611,2,7,2024-01-26,2024-06-08,Yes
E0257,26,Female,Sales,Executive,118090,2,14,2018-04-10,,No
E0258,22,Female,Sales,Executive,99530,5,1,2022-11-20,,No
E0259,59,Male,Sales,Analyst,44175,3,7,2025-01-08,2026-01-17,Yes
E0260,47,Male,Finance,Senior Executive,81651,5,11,2021-10-03,,No
E0261,22,Male,HR,Executive,111972,3,10,2021-04-09,,No
E0262,46,Male,IT,Senior Executive,102069,2,9,2024-01-29,2026-02-05,Yes
E0263,48,Female,HR,Executive,61025,3,12,2019-01-22,,No
E0264,34,Male,HR,Executive,81201,5,9,2018-06-03,,No
E0265,58,Male,Operations,Manager,66468,2,12,2019-08-28,,No
E0266,34,Male,Finance,Manager,62387,4,9,2022-01-25,,No
E0267,41,Female,Sales,Analyst,63244,5,2,2022-02-17,,No
E0268,31,Male,HR,Analyst,34117,3,3,2018-08-06,,No
E0269,34,Female,Finance,Analyst,78176,3,8,2019-03-24,,No
E0270,26,Female,IT,Analyst,80971,4,12,2022-06-13,,No
E0271,34,Male,HR,Senior Executive,79891,2,6,2023-07-02,,No
E0272,58,Male,IT,Executive,109256,2,2,2018-02-22,2022-09-18,Yes
E0273,22,Female,Operations,Manager,102632,4,0,2023-01-14,,No
E0274,50,Male,IT,Executive,30581,2,7,2022-10-26,2022-11-04,Yes
E0275,46,Male,Finance,Analyst,46958,3,5,2019-12-15,,No
E0276,31,Female,Finance,Analyst,77112,4,9,2023-01-16,,No
E0277,42,Female,Operations,Analyst,88926,2,14,2021-10-23,,No
E0278,31,Female,Finance,Manager,36674,4,4,2023-02-25,2024-11-19,Yes
E0279,58,Female,Operations,Manager,90899,4,3,2019-06-07,2022-02-28,Yes
E0280,50,Female,HR,Executive,62550,5,4,2021-04-30,,No
E0281,42,Female,HR,Senior Executive,88068,4,13,2021-06-27,,No
E0282,22,Male,IT,Analyst,46480,2,13,2021-08-30,,No
E0283,43,Female,IT,Analyst,70671,3,3,2022-06-21,2025-06-12,Yes
E0284,42,Female,HR,Analyst,97631,5,5,2019-12-07,2025-05-20,Yes
E0285,53,Female,Finance,Executive,62805,4,5,2019-02-27,,No
E0286,44,Female,IT,Executive,75471,4,10,2018-07-29,,No
E0287,37,Male,Finance,Manager,31807,4,2,2024-03-25,,No
E0288,56,Male,IT,Analyst,68672,4,10,2019-09-01,2023-06-08,Yes
E0289,39,Female,HR,Manager,89729,2,2,2022-03-31,,No
E0290,47,Male,Operations,Executive,78797,2,0,2019-01-17,2020-01-29,Yes
E0291,57,Female,HR,Senior Executive,75185,5,1,2021-01-18,,No
E0292,60,Female,Finance,Executive,58985,3,2,2021-08-20,,No
E0293,24,Female,Finance,Manager,116014,5,1,2019-12-22,,No
E0294,28,Male,IT,Senior Executive,77630,4,15,2020-10-07,,No
E0295,56,Female,IT,Executive,28203,4,12,2023-12-19,,No
E0296,38,Female,IT,Analyst,49386,3,6,2019-11-17,,No
E0297,22,Female,IT,Executive,24045,4,11,2021-09-12,,No
E0298,42,Male,Sales,Executive,111032,2,5,2021-02-06,,No
E0299,39,Female,Sales,Executive,102649,3,9,2019-08-24,2020-06-25,Yes
E0300,36,Female,Operations,Executive,106241,5,7,2018-06-14,,No
E0301,51,Male,Finance,Executive,93501,5,6,2019-05-23,2024-07-18,Yes
E0302,39,Male,Finance,Senior Executive,30928,5,2,2023-06-01,2023-12-19,Yes
E0303,39,Female,HR,Analyst,27358,3,2,2020-06-21,,No
E0304,36,Male,IT,Senior Executive,87140,4,0,2021-08-17,,No
E0305,34,Male,Sales,Senior Executive,53503,5,0,2019-03-02,,No
E0306,42,Male,Finance,Senior Executive,83811,4,10,2019-06-24,,No
E0307,55,Female,Sales,Senior Executive,64270,2,13,2022-12-02,,No
E0308,36,Male,Operations,Senior Executive,117189,4,6,2022-02-16,,No
E0309,23,Female,HR,Senior Executive,101830,2,14,2018-02-25,2018-04-27,Yes
E0310,38,Female,Sales,Manager,61372,2,1,2022-04-01,,No
E0311,48,Male,HR,Senior Executive,78976,4,3,2019-11-26,2025-11-30,Yes
E0312,57,Male,Operations,Analyst,49013,4,2,2021-05-25,,No
E0313,30,Female,Sales,Manager,23388,5,5,2022-12-27,,No
E0314,60,Male,HR,Senior Executive,41770,3,9,2023-05-16,,No
E0315,55,Male,HR,Senior Executive,25326,5,15,2024-06-28,,No
E0316,45,Male,IT,Senior Executive,51746,2,2,2020-04-30,,No
E0317,22,Male,HR,Executive,94773,5,6,2018-04-02,2020-09-20,Yes
E0318,53,Male,Sales,Senior Executive,69588,4,3,2024-01-09,,No
E0319,35,Female,Sales,Executive,41784,4,5,2021-10-17,,No
E0320,31,Male,Sales,Manager,36897,5,15,2023-12-03,,No
E0321,24,Male,HR,Senior Executive,61695,5,11,2018-08-28,2025-09-06,Yes
E0322,34,Female,IT,Executive,87011,2,14,2024-01-27,,No
E0323,42,Female,Operations,Executive,109564,5,5,2023-09-05,2023-09-13,Yes
E0324,43,Female,IT,Analyst,60760,3,14,2023-08-02,2025-03-01,Yes
E0325,47,Male,IT,Senior Executive,27961,3,12,2019-09-23,,No
E0326,47,Male,Finance,Manager,74226,5,8,2020-08-03,,No
E0327,30,Male,Finance,Senior Executive,23043,3,9,2020-03-23,,No
E0328,39,Male,Sales,Executive,28500,3,4,2019-05-23,,No
E0329,29,Female,Operations,Senior Executive,66077,5,12,2020-01-06,,No
E0330,54,Female,Operations,Analyst,107335,4,15,2022-11-23,,No
E0331,40,Male,Operations,Manager,49398,5,7,2021-01-09,,No
E0332,37,Male,IT,Analyst,58924,5,1,2018-03-15,2022-08-10,Yes
E0333,40,Male,Operations,Analyst,118431,5,7,2020-01-12,2021-01-02,Yes
E0334,53,Male,Operations,Manager,29579,4,11,2021-09-27,2023-06-13,Yes
E0335,39,Male,Operations,Manager,20256,3,3,2022-11-13,2023-09-13,Yes
E0336,58,Male,Sales,Analyst,107694,3,8,2022-02-08,,No
E0337,35,Male,Sales,Analyst,104009,2,3,2024-11-13,,No
E0338,49,Male,HR,Analyst,61501,3,4,2024-09-11,,No
E0339,53,Female,IT,Executive,47361,4,8,2019-11-21,,No
E0340,60,Female,Finance,Executive,98699,3,3,2019-04-16,,No
E0341,27,Male,Sales,Executive,22190,2,11,2023-01-22,,No
E0342,58,Male,Operations,Manager,21254,2,1,2021-10-23,,No
E0343,53,Female,Finance,Senior Executive,119436,4,11,2024-02-14,,No
E0344,25,Male,Sales,Executive,103689,5,4,2021-06-21,,No
E0345,39,Female,Finance,Manager,22042,4,3,2021-08-29,,No
E0346,24,Female,HR,Senior Executive,25291,2,5,2024-05-29,2025-02-27,Yes
E0347,40,Male,Operations,Manager,60582,4,10,2019-07-07,,No
E0348,35,Male,IT,Manager,119177,3,12,2021-07-16,2021-12-17,Yes
E0349,28,Female,HR,Manager,49481,2,5,2018-07-12,,No
E0350,44,Female,Sales,Analyst,95134,3,8,2024-01-31,,No
E0351,36,Female,Sales,Executive,76469,3,4,2021-09-21,2024-09-14,Yes
E0352,58,Male,IT,Analyst,73630,3,13,2023-05-18,,No
E0353,58,Female,Finance,Manager,73567,5,11,2023-12-02,2024-07-12,Yes
E0354,52,Female,HR,Analyst,96762,2,12,2021-04-29,,No
E0355,54,Female,IT,Executive,116707,3,0,2021-12-17,,No
E0356,45,Female,HR,Manager,34612,4,4,2019-08-17,,No
E0357,58,Male,Finance,Executive,118246,3,11,2018-08-29,2025-06-23,Yes
E0358,46,Female,Finance,Senior Executive,86375,2,14,2019-11-13,,No
E0359,44,Female,IT,Senior Executive,78144,3,12,2019-12-20,,No
E0360,46,Female,Sales,Executive,89557,2,15,2019-09-19,,No
E0361,58,Male,IT,Executive,86511,5,4,2021-12-23,,No
E0362,49,Female,HR,Manager,56831,4,12,2021-05-31,2024-07-28,Yes
E0363,38,Male,Finance,Senior Executive,40149,3,10,2021-08-09,2024-03-31,Yes
E0364,50,Female,HR,Executive,86031,5,11,2021-03-22,2023-04-27,Yes
E0365,25,Female,Finance,Senior Executive,69827,2,0,2024-11-23,,No
E0366,41,Female,HR,Analyst,46841,3,15,2021-02-19,,No
E0367,36,Male,HR,Senior Executive,69819,4,4,2021-02-02,,No
E0368,59,Male,HR,Manager,30688,5,7,2019-01-04,,No
E0369,42,Male,Finance,Executive,29889,5,11,2019-05-29,,No
E0370,48,Male,HR,Manager,94603,2,14,2023-10-19,,No
E0371,47,Female,IT,Analyst,85756,5,12,2023-02-27,,No
E0372,29,Male,Operations,Executive,72707,3,3,2023-10-17,,No
E0373,37,Female,Operations,Analyst,38167,5,6,2024-06-01,,No
E0374,36,Male,Operations,Executive,56914,5,4,2018-09-14,,No
E0375,41,Male,Operations,Manager,64127,5,14,2020-01-14,2025-11-22,Yes
E0376,46,Male,Operations,Analyst,20088,3,14,2018-12-01,2020-07-17,Yes
E0377,35,Female,Sales,Senior Executive,50015,5,13,2023-07-14,,No
E0378,25,Male,Operations,Executive,39426,3,15,2020-05-11,2023-09-08,Yes
E0379,30,Female,Operations,Manager,75859,4,7,2020-06-15,,No
E0380,45,Female,Operations,Executive,52591,2,2,2022-10-15,,No
E0381,47,Male,HR,Analyst,116574,2,7,2020-07-24,,No
E0382,50,Male,HR,Senior Executive,91231,2,2,2021-12-04,,No
E0383,41,Male,Operations,Manager,88798,4,14,2019-05-24,,No
E0384,29,Male,Operations,Analyst,58334,3,3,2021-04-22,2025-09-02,Yes
E0385,53,Male,IT,Manager,75728,3,3,2018-10-25,,No
E0386,59,Male,Finance,Senior Executive,39000,4,8,2022-08-18,,No
E0387,50,Female,IT,Manager,36884,4,3,2018-04-19,,No
E0388,50,Female,Finance,Manager,48753,3,8,2019-05-07,,No
E0389,40,Male,IT,Executive,90023,5,7,2019-11-17,,No
E0390,37,Male,Sales,Analyst,92301,2,8,2021-10-24,,No
E0391,25,Male,Finance,Analyst,68987,3,1,2021-02-18,,No
E0392,32,Male,Operations,Manager,74072,3,5,2022-01-13,,No
E0393,44,Male,HR,Executive,80398,2,14,2024-03-15,,No
E0394,40,Female,Sales,Manager,105616,4,3,2019-11-06,,No
E0395,46,Female,Sales,Senior Executive,45447,4,1,2020-04-28,2021-06-05,Yes
E0396,44,Female,Finance,Analyst,71908,5,4,2018-02-16,,No
E0397,37,Female,Sales,Senior Executive,67453,5,13,2019-03-16,,No
E0398,23,Female,Operations,Analyst,97961,3,11,2021-11-08,,No
E0399,58,Male,Sales,Analyst,62815,3,14,2023-12-18,,No
E0400,50,Female,HR,Analyst,119392,3,10,2021-12-21,,No
E0401,43,Male,Finance,Analyst,70064,4,12,2020-05-03,,No
E0402,26,Male,Operations,Manager,98795,3,1,2018-12-19,,No
E0403,51,Female,HR,Manager,58417,3,7,2018-09-27,,No
E0404,43,Male,Operations,Executive,52478,3,7,2018-11-11,,No
E0405,28,Female,HR,Manager,64870,3,3,2023-05-26,,No
E0406,50,Female,Operations,Analyst,43569,2,4,2019-11-08,,No
E0407,30,Female,IT,Analyst,44973,5,14,2021-07-13,,No
E0408,43,Female,IT,Manager,41716,3,15,2023-03-15,,No
E0409,29,Female,IT,Manager,46655,2,10,2024-04-18,,No
E0410,35,Male,IT,Senior Executive,24584,3,7,2022-07-27,,No
E0411,48,Male,HR,Executive,80472,3,9,2022-07-04,2024-12-11,Yes
E0412,43,Male,IT,Manager,107262,4,6,2020-07-21,2022-12-16,Yes
E0413,41,Male,IT,Manager,25552,5,8,2021-05-27,,No
E0414,46,Male,IT,Analyst,92884,5,15,2022-02-03,,No
E0415,49,Female,Finance,Executive,66422,2,2,2019-12-22,,No
E0416,60,Female,Operations,Manager,57770,4,7,2024-07-05,,No
E0417,33,Female,Sales,Analyst,35152,3,9,2022-12-28,,No
E0418,56,Male,Operations,Senior Executive,43826,3,5,2024-02-06,,No
E0419,23,Male,HR,Manager,81681,5,2,2024-02-20,,No
E0420,59,Male,Finance,Analyst,96949,4,10,2020-03-26,,No
E0421,31,Male,HR,Executive,25432,5,7,2018-07-20,,No
E0422,38,Male,Sales,Analyst,101626,4,8,2018-06-22,,No
E0423,40,Male,Operations,Executive,20636,4,1,2019-03-11,,No
E0424,22,Female,IT,Executive,87082,4,10,2024-01-23,,No
E0425,56,Male,Sales,Senior Executive,58281,4,15,2020-04-26,,No
E0426,38,Male,Sales,Manager,95276,2,5,2025-01-23,,No
E0427,41,Male,Sales,Manager,47533,4,4,2019-03-16,,No
E0428,52,Female,HR,Analyst,43033,2,8,2022-10-28,,No
E0429,38,Female,HR,Manager,69034,4,12,2019-11-14,,No
E0430,32,Male,IT,Executive,68207,2,0,2019-06-29,2025-09-01,Yes
E0431,46,Male,HR,Executive,112695,4,13,2020-11-08,,No
E0432,23,Female,Operations,Manager,30478,2,5,2019-01-25,,No
E0433,52,Male,Operations,Manager,88141,5,10,2022-06-01,,No
E0434,49,Male,Operations,Executive,62434,3,7,2023-11-30,,No
E0435,42,Female,Finance,Senior Executive,85561,2,2,2019-06-29,2022-02-26,Yes
E0436,31,Female,Operations,Analyst,87743,4,13,2023-01-31,,No
E0437,42,Female,Sales,Senior Executive,92533,4,2,2021-12-17,2023-11-19,Yes
E0438,35,Male,IT,Manager,51252,2,15,2021-11-12,2024-10-15,Yes
E0439,52,Female,Operations,Executive,69285,5,5,2022-01-23,2025-11-29,Yes
E0440,42,Female,IT,Executive,95444,3,11,2021-08-23,,No
E0441,22,Female,Operations,Executive,100170,3,10,2021-11-25,,No
E0442,24,Female,Operations,Analyst,74432,4,3,2023-04-16,2025-04-05,Yes
E0443,25,Male,HR,Executive,28900,3,9,2022-11-08,,No
E0444,23,Male,Operations,Senior Executive,32590,2,1,2020-12-02,,No
E0445,35,Female,Sales,Manager,106359,2,14,2018-12-16,2022-06-26,Yes
E0446,48,Female,IT,Analyst,119148,3,5,2022-05-19,,No
E0447,58,Female,HR,Executive,103337,2,12,2022-04-02,2023-02-04,Yes
E0448,46,Male,Sales,Analyst,28362,2,5,2019-07-25,,No
E0449,60,Male,IT,Analyst,117319,2,2,2019-12-19,,No
E0450,41,Female,IT,Manager,102152,5,13,2021-03-18,,No
E0451,35,Male,Sales,Executive,47686,3,12,2020-12-21,2026-01-19,Yes
E0452,59,Male,Sales,Analyst,67697,2,2,2018-08-10,2025-09-16,Yes
E0453,36,Male,Finance,Senior Executive,54540,5,9,2022-09-25,2022-12-24,Yes
E0454,27,Male,Sales,Manager,113974,2,7,2018-11-04,,No
E0455,29,Female,Finance,Analyst,33621,2,13,2021-12-28,2023-08-21,Yes
E0456,33,Male,Finance,Executive,115740,5,12,2022-09-20,,No
E0457,43,Male,Finance,Manager,112449,4,3,2019-04-16,2024-03-08,Yes
E0458,31,Female,Finance,Analyst,71127,3,11,2021-11-14,,No
E0459,26,Male,Sales,Analyst,36465,3,7,2024-08-10,,No
E0460,33,Female,IT,Manager,77045,2,6,2025-02-03,,No
E0461,47,Female,IT,Executive,69613,5,9,2021-11-22,,No
E0462,23,Male,HR,Executive,64802,5,11,2018-11-12,,No
E0463,57,Male,Operations,Executive,111982,4,8,2020-06-21,,No
E0464,60,Female,Sales,Manager,68503,5,3,2022-01-08,2025-03-04,Yes
E0465,39,Male,HR,Analyst,117825,3,10,2020-04-19,,No
E0466,30,Male,HR,Executive,105474,4,10,2022-12-17,,No
E0467,26,Male,HR,Analyst,106898,5,8,2019-09-28,,No
E0468,44,Male,Sales,Senior Executive,119414,5,0,2024-02-05,,No
E0469,47,Male,IT,Manager,68827,5,11,2019-08-20,,No
E0470,32,Male,Sales,Manager,88954,2,5,2021-01-23,,No
E0471,41,Female,Sales,Analyst,62806,5,6,2019-05-16,,No
E0472,49,Female,Operations,Analyst,33151,3,4,2018-07-31,,No
E0473,23,Female,IT,Manager,28534,4,9,2024-01-17,,No
E0474,54,Male,IT,Manager,25497,4,5,2024-12-04,2025-08-01,Yes
E0475,36,Male,HR,Senior Executive,40303,2,4,2021-07-13,,No
E0476,23,Male,Finance,Manager,119466,2,13,2022-06-06,,No
E0477,31,Male,Finance,Executive,70996,4,1,2022-12-20,,No
E0478,42,Male,Operations,Analyst,116159,5,9,2019-04-16,,No
E0479,56,Male,Sales,Senior Executive,65552,2,0,2019-09-16,,No
E0480,30,Male,Sales,Analyst,46203,2,14,2023-08-24,,No
E0481,58,Male,Operations,Manager,48496,4,3,2019-12-07,2021-04-27,Yes
E0482,35,Female,Operations,Manager,90192,4,7,2023-11-28,2024-04-22,Yes
E0483,58,Female,IT,Senior Executive,45509,2,13,2019-05-18,,No
E0484,29,Male,Operations,Senior Executive,88743,2,11,2020-03-19,,No
E0485,31,Female,Operations,Analyst,63768,5,13,2022-05-26,,No
E0486,24,Male,HR,Manager,91877,3,12,2018-03-25,2020-04-24,Yes
E0487,35,Female,Finance,Manager,77820,4,0,2020-08-11,,No
E0488,37,Male,Finance,Manager,66239,4,0,2023-03-29,,No
E0489,24,Female,IT,Analyst,97156,3,12,2018-06-03,,No
E0490,58,Female,Operations,Executive,82531,2,4,2018-04-05,,No
E0491,29,Female,Finance,Manager,67119,2,4,2018-02-22,,No
E0492,57,Male,HR,Analyst,85943,2,13,2019-03-30,,No
E0493,47,Male,HR,Manager,52679,3,13,2024-01-09,,No
E0494,37,Female,Sales,Analyst,79117,3,9,2024-11-19,2025-01-18,Yes
E0495,37,Female,Finance,Senior Executive,22164,3,4,2019-02-06,,No
E0496,54,Male,Finance,Executive,109508,3,1,2021-12-27,,No
E0497,59,Male,Finance,Analyst,110460,3,15,2023-06-02,2024-10-30,Yes
E0498,58,Female,Finance,Executive,25033,2,2,2022-08-17,,No
E0499,55,Male,Operations,Analyst,119108,2,10,2018-03-04,2020-09-05,Yes
E0500,46,Female,Operations,Senior Executive,100595,4,11,2020-10-10,,No
